"No.","Zone Name","Zone Channel Member","Zone Channel Member RX Frequency","Zone Channel Member TX Frequency","A Channel","A Channel RX Frequency","A Channel TX Frequency","B Channel","B Channel RX Frequency","B Channel TX Frequency","Zone Hide "
"1","Favorites","Lucedale|Mississippi|Mississippi TAC|Geeks in Jeeps|BM Disconnect|BM Parrot-1|FDMR Mississippi|FDMR Southeast|FDMR Disc|TGIF Parrot|TGIF Exit","440.92500|440.92500|440.92500|440.92500|440.92500|440.92500|440.92500|440.92500|440.92500|440.92500|440.92500","440.92500|440.92500|440.92500|440.92500|440.92500|440.92500|440.92500|440.92500|440.92500|440.92500|440.92500","Lucedale","440.92500","440.92500","Lucedale","440.92500","440.92500","0"
"2","George HS","Lucedale|Mississippi|Mississippi TAC|Southeast|First Coast,FL|US Hurricane Net|Kingsland, GA|Alabama|Alabama Link|Florida|Louisiana|SE Louisiana|Texas|BM Parrot-1|BM Disconnect","440.92500|440.92500|440.92500|440.92500|440.92500|440.92500|440.92500|440.92500|440.92500|440.92500|440.92500|440.92500|440.92500|440.92500|440.92500","440.92500|440.92500|440.92500|440.92500|440.92500|440.92500|440.92500|440.92500|440.92500|440.92500|440.92500|440.92500|440.92500|440.92500|440.92500","Lucedale","440.92500","440.92500","Alabama Link","440.92500","440.92500","0"
"3","George Rpt","Lucedale VHF|Lucedale Cross|Greene VHF|Greene UHF|Lucedale Sim .12|Greene Sim .00|Lucedale TAC1|Rpt GC3 North Am|Rpt GC MS SW|Rpt GC SE Region|Rpt Lucedale TG|Rpt GC9 Local|Rpt GC Hurricane|Rpt GC 1st Coast|Rpt GC MS TAC|Rpt GC Kingsland|Rpt GC Disc TS2|Rpt GC Disc TS1|Rpt GC Parrot|Rpt GC WW Eng|Rpt GC WW|Rpt GC North Am|RptGC USA TAC310|RptGC USA TAC311|RptGC USA TAC312|RpGC USA Calling|Rpt GC AL SW|Rpt GC FL SW|Rpt GC LA SW|Rpt GC TX SW|Rpt GC AL Link|Rpt GC SE LA","147.12000|145.33000|147.00000|444.22500|147.12000|147.00000|146.42000|444.20000|444.20000|444.20000|444.20000|444.20000|444.20000|444.20000|444.20000|444.20000|444.20000|444.20000|444.20000|444.20000|444.20000|444.20000|444.20000|444.20000|444.20000|444.20000|444.20000|444.20000|444.20000|444.20000|444.20000|444.20000","147.72000|446.80000|147.60000|449.22500|147.12000|147.00000|146.42000|449.20000|449.20000|449.20000|449.20000|449.20000|449.20000|449.20000|449.20000|449.20000|449.20000|449.20000|449.20000|449.20000|449.20000|449.20000|449.20000|449.20000|449.20000|449.20000|449.20000|449.20000|449.20000|449.20000|449.20000|449.20000","Rpt GC9 Local","444.20000","449.20000","Lucedale VHF","147.12000","147.72000","0"
"4","Hattiesburg Rpt","Hattiesburg .670|Hattiesburg .775|Hattiesburg .315|W5NRU-L|N5LRQ|W5CJR|W5USM AllStar|K5IJX","146.67000|146.77500|147.31500|442.70000|442.72500|443.70000|444.35000|444.77500","146.07000|146.17500|147.91500|447.70000|447.72500|448.70000|449.35000|449.77500","Hattiesburg .775","146.77500","146.17500","Hattiesburg .670","146.67000","146.07000","0"
"5","Mississippi","Mississippi|Mississippi TAC|Lucedale|MS XRF813 A|Northeast MS|Blind Hams-ASL|Amory MS|West Point MS|BM Parrot-1|BM Disconnect|FDMR Mississippi|FDMR Disc","440.92500|440.92500|440.92500|440.92500|440.92500|440.92500|440.92500|440.92500|440.92500|440.92500|440.92500|440.92500","440.92500|440.92500|440.92500|440.92500|440.92500|440.92500|440.92500|440.92500|440.92500|440.92500|440.92500|440.92500","Mississippi","440.92500","440.92500","Mississippi TAC","440.92500","440.92500","0"
"6","Simplex","2M Call|Simplex 146.535|Nat ARES Smplx|Simplex 146.565|Simplex 146.580|Simplex 146.595|Simplex 147.495|Simplex 147.510|Simplex 147.525|Simplex 147.540|Simplex 147.555|Simplex 147.570|Simplex 147.585|Simplex 223.400|Simplex 223.420|Simplex 223.440|Simplex 223.460|Simplex 223.480|220 Simplex Call|Simplex 223.520|Simplex 223.540|Simplex 223.560|Simplex 223.580|Simplex 223.600|Simplex 223.620|Simplex 223.640|Simplex 445.9125|Simplex 445.9250|Simplex 445.9375|Simplex 445.9500|Simplex 445.9625|Simplex 445.9750|Simplex 445.9875|70cm Call 446.00|Simplex 446.0125|Simplex 446.0250|Simplex 446.0375|Simplex 446.0500|Simplex 446.0625|Simplex 446.0750|Simplex 446.0875|Simplex 446.1000|Simplex 446.1125|Simplex 446.1250|Simplex 446.1375|Simplex 446.1500|Simplex 446.1625|Simplex 446.1750","146.52000|146.53500|146.55000|146.56500|146.58000|146.59500|147.49500|147.51000|147.52500|147.54000|147.55500|147.57000|147.58500|223.40000|223.42000|223.44000|223.46000|223.48000|223.50000|223.52000|223.54000|223.56000|223.58000|223.60000|223.62000|223.64000|445.91250|445.92500|445.93750|445.95000|446.96250|445.97500|445.98750|446.00000|446.01250|446.02500|446.03750|446.05000|446.06250|446.07500|446.08750|446.10000|446.11250|446.12500|446.13750|446.15000|446.16250|446.17500","146.52000|146.53500|146.55000|146.56500|146.58000|146.59500|147.49500|147.51000|147.52500|147.54000|147.55500|147.57000|147.58500|223.40000|223.42000|223.44000|223.46000|223.48000|223.50000|223.52000|223.54000|223.56000|223.58000|223.60000|223.62000|223.64000|445.91250|445.92500|445.93750|445.95000|445.96250|445.97500|445.98750|446.00000|446.01250|446.02500|446.03750|446.05000|446.06250|446.07500|446.08750|446.10000|446.11250|446.12500|446.13750|446.15000|446.16250|446.17500","2M Call","146.52000","146.52000","70cm Call 446.00","446.00000","446.00000","0"
"7","DMR Simplex","DMR Sim 146.420|DMR Sim 146.440|DMR Sim 146.460|DMR Sim 147.420|DMR Sim 147.440|DMR Sim 147.460|DMR Sim 147.480|DMR Simp 223.660|DMR Simp 223.680|DMR Simp 223.700|DMR Simp 223.720|DMR Simp 223.740|DMR Simp 223.760|DMR Simp 223.780|DMR Sim 440.9125|DMR Sim 440.9250|DMR Sim 440.9375|DMR Sim 440.9500|DMR Sim 440.9625|DMR Sim 440.9750|DMR Sim 440.9875|DMR Sim 441.00|DMR Sim 441.0125|DMR Sim 441.0250|DMR Sim 441.0375|DMR Sim 441.0500|DMR Sim 441.0625|DMR Sim 441.0750|DMR Sim 441.0875|DMR Sim 441.1000|DMR Sim 441.1125|DMR Sim 441.1250|DMR Sim 441.1375|DMR Sim 441.1500|DMR Sim 441.1625|DMR Sim 441.1750","146.42000|146.44000|146.46000|147.42000|147.44000|147.46000|147.48000|223.66000|223.68000|223.70000|223.72000|223.74000|223.76000|223.78000|440.91250|440.92500|440.93750|440.95000|440.96250|440.97500|440.98750|441.00000|441.01250|441.02500|441.03750|441.05000|441.06250|441.07500|441.08750|441.10000|441.11250|441.12500|441.13750|441.15000|441.16250|441.17500","146.42000|146.44000|146.46000|147.42000|147.44000|147.46000|147.48000|223.66000|223.68000|223.70000|223.72000|223.74000|223.76000|223.78000|440.91250|440.92500|440.93750|440.95000|440.96250|440.97500|440.98750|441.00000|441.01250|441.02500|441.03750|441.05000|441.06250|441.07500|441.08750|441.10000|441.11250|441.12500|441.13750|441.15000|441.16250|441.17500","DMR Sim 146.440","146.44000","146.44000","DMR Sim 146.420","146.42000","146.42000","0"
"8","Alabama","Alabama|Alabama TAC|Alabama Link|Gulf Coast, AL|Old Quadnet, AL|Alabama ALERT|Huntsville, Al|Central Alabama|Northwest AL|East Alabama|Tuscaloosa, AL|Tallapoosa Co,AL|Chelsea, AL|96 ARC, AL|Alexander, AL|Pinson, AL MMDVM|BM Disconnect|BM Parrot-1|FDMR Alabama|FDMR AlabamaLink|FDMR Disc","440.92500|440.92500|440.92500|440.92500|440.92500|440.92500|440.92500|440.92500|440.92500|440.92500|440.92500|440.92500|440.92500|440.92500|440.92500|440.92500|440.92500|440.92500|440.92500|440.92500|440.92500","440.92500|440.92500|440.92500|440.92500|440.92500|440.92500|440.92500|440.92500|440.92500|440.92500|440.92500|440.92500|440.92500|440.92500|440.92500|440.92500|440.92500|440.92500|440.92500|440.92500|440.92500","Alabama TAC","440.92500","440.92500","Alabama","440.92500","440.92500","0"
"9","Alaska","Alaska|Alaska TAC|AK Contesting|Alaska SkyWarn|Fairbanks AK-YSF|FDMR Alaska|BM Disconnect|BM Parrot-1|FDMR Disc","440.92500|440.92500|440.92500|440.92500|440.92500|440.92500|440.92500|440.92500|440.92500","440.92500|440.92500|440.92500|440.92500|440.92500|440.92500|440.92500|440.92500|440.92500","Alaska TAC","440.92500","440.92500","Alaska","440.92500","440.92500","0"
"10","Arizona","Arizona|Arizona TAC|Arizona EmComm|AZ OEI Rpt Group|Tucson Arizona|Payson Arizona|Ash Fork Arizona|Pinetop-Lakeside|BM Disconnect|BM Parrot-1|FDMR Arizona|FDMR Disc","440.92500|440.92500|440.92500|440.92500|440.92500|440.92500|440.92500|440.92500|440.92500|440.92500|440.92500|440.92500","440.92500|440.92500|440.92500|440.92500|440.92500|440.92500|440.92500|440.92500|440.92500|440.92500|440.92500|440.92500","Arizona TAC","440.92500","440.92500","Arizona","440.92500","440.92500","0"
"11","Arkansas","Arkansas|Arkansas TAC|Arkansas WX|Arkansas ARES|North Central,AR|Northwest, AR|LittleRock Metro|Little Rock, AR|Harrison, AR|Jonesboro, AR|Mena, AR|HotSprings Local|Pine Bluff Local|Jasper, AR|Malvern, AR|Marianna, AR|Royal, AR|Conway, AR-YSF|2M Crew, AR|KC5DJR-R|BM Disconnect|BM Parrot-1|FDMR Arkansas|FDMR ArkansasTAC|FDMR NW Arkansas|FDMR FAY AR|FDMR LittleRock|FDMR Disc","440.92500|440.92500|440.92500|440.92500|440.92500|440.92500|440.92500|440.92500|440.92500|440.92500|440.92500|440.92500|440.92500|440.92500|440.92500|440.92500|440.92500|440.92500|440.92500|440.92500|440.92500|440.92500|440.92500|440.92500|440.92500|440.92500|440.92500|440.92500","440.92500|440.92500|440.92500|440.92500|440.92500|440.92500|440.92500|440.92500|440.92500|440.92500|440.92500|440.92500|440.92500|440.92500|440.92500|440.92500|440.92500|440.92500|440.92500|440.92500|440.92500|440.92500|440.92500|440.92500|440.92500|440.92500|440.92500|440.92500","Arkansas TAC","440.92500","440.92500","Arkansas","440.92500","440.92500","0"
"12","California","California|California TAC|California 1|Mtn West|Mtn West-1|CalNet|NorCal AllStar|SoCal|SoCal 1|NorCal|NorCal 1|NorCal Disaster|NorCal 5150|NorCal-DMR|Western States|Ventura County-1|Ventura County-2|Palos Verdes ARC|PVARC-?|SantaBarbara, CA|Clara County, CA|Sonoma Co, CA|BayNet|BayCom-1|BayCom-2|Bay Area ARC|Bay Area-1|San Francisco-1|San Francisco-2|California CDM|PAPA Chat|PAPA Bridge|CA Alert Radio|PINOYHAMS, CA|CA FDMRCCU|Tri-Lert ERT|California CARLA|Kings of Digital|C.A.R.E.S. Ecom|Jefferson State|SanDiego S&R|SanDiego K6RRR-1|SanDiego K6RRR-2|SanDiego K6RRR-3|SanDiego W6RDX-1|SanDiego W6RDX-2|Redlands, CA-1|FDMR Disc|FDMR BayArea Dig|FDMR Western Dig|FDMR San Diego|FDMR NorCal|FDMR CA TAC|FDMR CA Link|FDMR California|BM Parrot-1|BM Disconnect|Alphabet Club,CA|Vallejo, CA|Portola Valley|Blythe, CA|Unknown CA-1|Bear Mountain,CA|Walnut Grove, CA|Vacaville, CA|Tehachapi, CA|San Jose, CA|Escondido, CA|Hayward, CA|Fallbrook, CA|Sacrament Valley|Newport Beach,CA|Calimesa, CA|Valley Center,CA|Wilton, CA|Sausalito, CA|Livermore, CA|Pittsburg, CA","440.92500|440.92500|440.92500|440.92500|440.92500|440.92500|440.92500|440.92500|440.92500|440.92500|440.92500|440.92500|440.92500|440.92500|440.92500|440.92500|440.92500|440.92500|440.92500|440.92500|440.92500|440.92500|440.92500|440.92500|440.92500|440.92500|440.92500|440.92500|440.92500|440.92500|440.92500|440.92500|440.92500|440.92500|440.92500|440.92500|440.92500|440.92500|440.92500|440.92500|440.92500|440.92500|440.92500|440.92500|440.92500|440.92500|440.92500|440.92500|440.92500|440.92500|440.92500|440.92500|440.92500|440.92500|440.92500|440.92500|440.92500|440.92500|440.92500|440.92500|440.92500|440.92500|440.92500|440.92500|440.92500|440.92500|440.92500|440.92500|440.92500|440.92500|440.92500|440.92500|440.92500|440.92500|440.92500|440.92500|440.92500|440.92500","440.92500|440.92500|440.92500|440.92500|440.92500|440.92500|440.92500|440.92500|440.92500|440.92500|440.92500|440.92500|440.92500|440.92500|440.92500|440.92500|440.92500|440.92500|440.92500|440.92500|440.92500|440.92500|440.92500|440.92500|440.92500|440.92500|440.92500|440.92500|440.92500|440.92500|440.92500|440.92500|440.92500|440.92500|440.92500|440.92500|440.92500|440.92500|440.92500|440.92500|440.92500|440.92500|440.92500|440.92500|440.92500|440.92500|440.92500|440.92500|440.92500|440.92500|440.92500|440.92500|440.92500|440.92500|440.92500|440.92500|440.92500|440.92500|440.92500|440.92500|440.92500|440.92500|440.92500|440.92500|440.92500|440.92500|440.92500|440.92500|440.92500|440.92500|440.92500|440.92500|440.92500|440.92500|440.92500|440.92500|440.92500|440.92500","California","440.92500","440.92500","California TAC","440.92500","440.92500","0"
"13","Colorado","Colorado|Colorado Chat|Colorado-Link|Colorado ARESDEC|Colorado ARES|Colorado WA0RES|Severe WX, CO|NorthernColorado|Western Colorado|Ski Co ARC, CO|Colorado IRG|Fun Machine, CO|Colorado HD|Hytera USA, CO|Castle Rock,CO-1|Castle Rock,CO-2|Castle Rock,CO-3|Squaw Mtn, CO|Denver Colorado|Denver RadioClub|Denver SkyHUB,CO|Rocky Mtn HR, CO|Rocky Mtn Rad,CO|North Mtn FR, CO|Almagre Mtn, CO|Pueblo Colorado|Park County, CO|Parker Colorado|Boulder South,CO|Golden, CO|Durango Colorado|Red Feather, CO|Silverthorne, CO|Simla Colorado|Lakewood, CO|BM Disconnect|BM Parrot-1|FDMR Colorado|FDMR Disc","440.92500|440.92500|440.92500|440.92500|440.92500|440.92500|440.92500|440.92500|440.92500|440.92500|440.92500|440.92500|440.92500|440.92500|440.92500|440.92500|440.92500|440.92500|440.92500|440.92500|440.92500|440.92500|440.92500|440.92500|440.92500|440.92500|440.92500|440.92500|440.92500|440.92500|440.92500|440.92500|440.92500|440.92500|440.92500|440.92500|440.92500|440.92500|440.92500","440.92500|440.92500|440.92500|440.92500|440.92500|440.92500|440.92500|440.92500|440.92500|440.92500|440.92500|440.92500|440.92500|440.92500|440.92500|440.92500|440.92500|440.92500|440.92500|440.92500|440.92500|440.92500|440.92500|440.92500|440.92500|440.92500|440.92500|440.92500|440.92500|440.92500|440.92500|440.92500|440.92500|440.92500|440.92500|440.92500|440.92500|440.92500|440.92500","Colorado Chat","440.92500","440.92500","Colorado","440.92500","440.92500","0"
"14","Connecticut","Connecticut|Connecticut TAC|Connecticut Chat|Connecticut PVRA|Connecticut CDRA|Cornwall, CT|Bristol, CT|BM Disconnect|BM Parrot-1|FDMR Connecticut|FDMR Disc","440.92500|440.92500|440.92500|440.92500|440.92500|440.92500|440.92500|440.92500|440.92500|440.92500|440.92500","440.92500|440.92500|440.92500|440.92500|440.92500|440.92500|440.92500|440.92500|440.92500|440.92500|440.92500","Connecticut TAC","440.92500","440.92500","Connecticut","440.92500","440.92500","0"
"15","Delaware","Delaware|Delaware TAC|BM Parrot-1|BM Disconnect|FDMR Delaware|FDMR Disc","440.92500|440.92500|440.92500|440.92500|440.92500|440.92500","440.92500|440.92500|440.92500|440.92500|440.92500|440.92500","Delaware TAC","440.92500","440.92500","Delaware","440.92500","440.92500","0"
"16","D. C.","Washington D.C.|D.C.-TAC|BM Parrot-1|BM Disconnect|FDMR Delaware|FDMR Disc","440.92500|440.92500|440.92500|440.92500|440.92500|440.92500","440.92500|440.92500|440.92500|440.92500|440.92500|440.92500","D.C.-TAC","440.92500","440.92500","Washington D.C.","440.92500","440.92500","0"
"17","Florida","Florida|Florida TAC|First Coast,FL|West Central,FL|TreasureCoast,FL|Nature Coast, FL|Gulf Coast, FL|Southeast, FL-1|Southeast, FL-2|Florida DEARS|Florida ARES|Florida NE ARES|Orlando Florida1|Orlando Florida2|Orlando Florida3|Milton Florida-1|Milton Florida-2|Beverly Hills,FL|Palm Bay,FL-1|Palm Bay,FL-2|Palm Bay,FL-3|Palm Coast,FL|W PalmBeach,FL-1|W PalmBeach,FL-2|Pompano Beach,FL|Englewood,FL|Punta Gorda,FL-1|Punta Gorda,FL-2|Jacksonville,FL1|Jacksonville,FL2|Hudson,FL-1|Hudson,FL-2|Space Center,FL|Portable RPT,FL|BRARA SE-FL|Florida HotSpots|Marco Island,FL|Lake Worth Ch,FL|Callahan,FL|Fort Myers,FL|Pensacola,FL|Miami Florida|Deland Florida|Ocala Florida|St Augustine,FL|Sarasota Florida|Cudjoe Key,FL|Key West Florida|Okeechobee, FL|Allstar 46031,FL|Wellington,FL|BM Parrot-1|BM Disconnect|FDMR Florida|FDMR FloridaKeys|FDMR Disc","440.92500|440.92500|440.92500|440.92500|440.92500|440.92500|440.92500|440.92500|440.92500|440.92500|440.92500|440.92500|440.92500|440.92500|440.92500|440.92500|440.92500|440.92500|440.92500|440.92500|440.92500|440.92500|440.92500|440.92500|440.92500|440.92500|440.92500|440.92500|440.92500|440.92500|440.92500|440.92500|440.92500|440.92500|440.92500|440.92500|440.92500|440.92500|440.92500|440.92500|440.92500|440.92500|440.92500|440.92500|440.92500|440.92500|440.92500|440.92500|440.92500|440.92500|440.92500|440.92500|440.92500|440.92500|440.92500|440.92500","440.92500|440.92500|440.92500|440.92500|440.92500|440.92500|440.92500|440.92500|440.92500|440.92500|440.92500|440.92500|440.92500|440.92500|440.92500|440.92500|440.92500|440.92500|440.92500|440.92500|440.92500|440.92500|440.92500|440.92500|440.92500|440.92500|440.92500|440.92500|440.92500|440.92500|440.92500|440.92500|440.92500|440.92500|440.92500|440.92500|440.92500|440.92500|440.92500|440.92500|440.92500|440.92500|440.92500|440.92500|440.92500|440.92500|440.92500|440.92500|440.92500|440.92500|440.92500|440.92500|440.92500|440.92500|440.92500|440.92500","Florida TAC","440.92500","440.92500","Florida","440.92500","440.92500","0"
"18","Georgia","Georgia|South Georgia|North Georgia|Centra lGeorgia|Southwest, GA|Georgia ARES|Atlanta Metro-1|Atlanta Metro-2|Georgia SkyWarn|Forsyth Georgia|Concord Georgia|Savannah Georgia|Douglas Georgia|Kingsland, GA|Marietta Georgia|Eatonton Georgia|Athens Georgia|Folkston, GA|Clermont, GA|GA KingsLand Dig|Carnesville, GA|GA SETN NWGA|GA CLHUB MMDVM|GA MMDVM Bridge|BM Parrot-1|BM Disconnect|FDMR Georgia|FDMR Georgia Dig|FDMR Disc","440.92500|440.92500|440.92500|440.92500|440.92500|440.92500|440.92500|440.92500|440.92500|440.92500|440.92500|440.92500|440.92500|440.92500|440.92500|440.92500|440.92500|440.92500|440.92500|440.92500|440.92500|440.92500|440.92500|440.92500|440.92500|440.92500|440.92500|440.92500|440.92500","440.92500|440.92500|440.92500|440.92500|440.92500|440.92500|440.92500|440.92500|440.92500|440.92500|440.92500|440.92500|440.92500|440.92500|440.92500|440.92500|440.92500|440.92500|440.92500|440.92500|440.92500|440.92500|440.92500|440.92500|440.92500|440.92500|440.92500|440.92500|440.92500","South Georgia","440.92500","440.92500","Georgia","440.92500","440.92500","0"
"19","Hawaii","Hawaii|Hawaii TAC-1|Hawaii 2|Hawaii Maui Co|Hawaii Honolulu|Hawaii County|Hawaii Kauai Co|Hawaii HMASN|Hawaii DEM|Hawaii DMR Net|Haleakala, HI|Hawaii Wailuku|BM Parrot-1|BM Disconnect|FDMR Hawai|FDMR Disc","440.92500|440.92500|440.92500|440.92500|440.92500|440.92500|440.92500|440.92500|440.92500|440.92500|440.92500|440.92500|440.92500|440.92500|440.92500|440.92500","440.92500|440.92500|440.92500|440.92500|440.92500|440.92500|440.92500|440.92500|440.92500|440.92500|440.92500|440.92500|440.92500|440.92500|440.92500|440.92500","Hawaii TAC-1","440.92500","440.92500","Hawaii","440.92500","440.92500","0"
"20","Idaho","Idaho ARES|Idaho ARES North|Central ID ARES|SE ID ARES|SW ID ARES|Idaho ARES TAC|Southwest Idaho|Cascade Idaho|Boise Idaho|BM Parrot-1|BM Disconnect|FDMR Idaho|FDMR Disc","440.92500|440.92500|440.92500|440.92500|440.92500|440.92500|440.92500|440.92500|440.92500|440.92500|440.92500|440.92500|440.92500","440.92500|440.92500|440.92500|440.92500|440.92500|440.92500|440.92500|440.92500|440.92500|440.92500|440.92500|440.92500|440.92500","Idaho ARES","440.92500","440.92500","Idaho ARES North","440.92500","440.92500","0"
"21","Illinois","Illinois|IL Round Lake|Illinois Link|Illinois CHI-NET|N Illinois EComm|East Cntrl,IL WX|NA Astronomy,IL|Chicago Metro|East Central,IL|Illinois WX CTAC|Woodford,IL ARES|Chicago Star,IL|Schaumburg,IL|Winnebago,IL|Morton,IL|Danville,IL|Cntrl,IL SkyWarn|BM Parrot-1|BM Disconnect|FDMR Illinois|FDMR Disc","440.92500|440.92500|440.92500|440.92500|440.92500|440.92500|440.92500|440.92500|440.92500|440.92500|440.92500|440.92500|440.92500|440.92500|440.92500|440.92500|440.92500|440.92500|440.92500|440.92500|440.92500","440.92500|440.92500|440.92500|440.92500|440.92500|440.92500|440.92500|440.92500|440.92500|440.92500|440.92500|440.92500|440.92500|440.92500|440.92500|440.92500|440.92500|440.92500|440.92500|440.92500|440.92500","IL Round Lake","440.92500","440.92500","Illinois","440.92500","440.92500","0"
"22","Indiana","Indiana|Indiana TAC|Indiana Link|Indiana WX Ops|Parke-Vermillion|Southern, IN|Crossroads, IN|Covington, IN|Indianapolis, IN|W Lafayette, IN|FDMR Disc|FDMR Indiana|BM Disconnect|BM Parrot-1|Fort Wayne, IN|Connersville, IN|Auburn, IN|St. Charles, IN|Newport, IN","440.92500|440.92500|440.92500|440.92500|440.92500|440.92500|440.92500|440.92500|440.92500|440.92500|440.92500|440.92500|440.92500|440.92500|440.92500|440.92500|440.92500|440.92500|440.92500","440.92500|440.92500|440.92500|440.92500|440.92500|440.92500|440.92500|440.92500|440.92500|440.92500|440.92500|440.92500|440.92500|440.92500|440.92500|440.92500|440.92500|440.92500|440.92500","Indiana TAC","440.92500","440.92500","Indiana","440.92500","440.92500","0"
"23","Iowa","Iowa|Iowa Chat|Iowa DSM -1|Iowa ALO -2|Iowa NW -3|Iowa SW -4|Iowa SE -5|Iowa CID -6|Iowa WC -7 ARES|Iowa NWS DVN|IA NWS DMX/SEOC|Clear Lake Iowa|Sioux City, IA|Muscatine Iowa|BM Parrot-1|BM Disconnect|FDMR Iowa|FDMR Disc","440.92500|440.92500|440.92500|440.92500|440.92500|440.92500|440.92500|440.92500|440.92500|440.92500|440.92500|440.92500|440.92500|440.92500|440.92500|440.92500|440.92500|440.92500","440.92500|440.92500|440.92500|440.92500|440.92500|440.92500|440.92500|440.92500|440.92500|440.92500|440.92500|440.92500|440.92500|440.92500|440.92500|440.92500|440.92500|440.92500","Iowa Chat","440.92500","440.92500","Iowa","440.92500","440.92500","0"
"24","Kansas","Kansas|Kansas City Wide|Kansas Link|Central Kansas|Kansas BYRG|KS BYRG Spotting|Kansas SW ARES|KS KC SkyWarn|Cntrl KS SkyWarn|WY CO, KS RACES|WY CO, KS CERT|BM Parrot-1|BM Disconnect|FDMR Kansas|FDMR KS CityWide|FDMR Disc","440.92500|440.92500|440.92500|440.92500|440.92500|440.92500|440.92500|440.92500|440.92500|440.92500|440.92500|440.92500|440.92500|440.92500|440.92500|440.92500","440.92500|440.92500|440.92500|440.92500|440.92500|440.92500|440.92500|440.92500|440.92500|440.92500|440.92500|440.92500|440.92500|440.92500|440.92500|440.92500","Kansas City Wide","440.92500","440.92500","Kansas","440.92500","440.92500","0"
"25","Kentucky","Kentucky|Kentucky TAC|East Kentucky|Kentucky ARES|NE Kentucky WX|Kentucky NEMARC|Tennessee, KY|Kentucky VARG|Owensboro, KY|Prestonsburg, KY|Louisa Kentucky|Blackey, KY|Clearfield, KY|KY Super Trucker|KY D-Star XLX|KY US-Triple 5|BM Parrot-1|BM Disconnect|FDMR Kentucky|FDMR Disc","440.92500|440.92500|440.92500|440.92500|440.92500|440.92500|440.92500|440.92500|440.92500|440.92500|440.92500|440.92500|440.92500|440.92500|440.92500|440.92500|440.92500|440.92500|440.92500|440.92500","440.92500|440.92500|440.92500|440.92500|440.92500|440.92500|440.92500|440.92500|440.92500|440.92500|440.92500|440.92500|440.92500|440.92500|440.92500|440.92500|440.92500|440.92500|440.92500|440.92500","Kentucky TAC","440.92500","440.92500","Kentucky","440.92500","440.92500","0"
"26","Louisiana","Louisiana|Louisiana Chat|ArkLaTex|SE Louisiana|SWLouisiana-Link|GulfCoast Lk Sys|LA SELCOM Group|LA AUXCOMM|Louisiana ARES|Acadiana, LA DMR|LA XRF048 C|BM Parrot-1|BM Disconnect|FDMR Louisiana|FDMR Disc","440.92500|440.92500|440.92500|440.92500|440.92500|440.92500|440.92500|440.92500|440.92500|440.92500|440.92500|440.92500|440.92500|440.92500|440.92500","440.92500|440.92500|440.92500|440.92500|440.92500|440.92500|440.92500|440.92500|440.92500|440.92500|440.92500|440.92500|440.92500|440.92500|440.92500","Louisiana Chat","440.92500","440.92500","Louisiana","440.92500","440.92500","0"
"27","Maine","Maine|Maine TAC|Biddeford Maine|BM Parrot-1|BM Disconnect|FDMR Maine|FDMR Disc","440.92500|440.92500|440.92500|440.92500|440.92500|440.92500|440.92500","440.92500|440.92500|440.92500|440.92500|440.92500|440.92500|440.92500","Maine TAC","440.92500","440.92500","Maine","440.92500","440.92500","0"
"28","Maryland","Maryland|Maryland TAC|MD RC CGR DST|MD Tyaskin VHF|MD Interstate-2|BM Parrot-1|BM Disconnect|FDMR Maryland|FDMR Disc","440.92500|440.92500|440.92500|440.92500|440.92500|440.92500|440.92500|440.92500|440.92500","440.92500|440.92500|440.92500|440.92500|440.92500|440.92500|440.92500|440.92500|440.92500","Maryland TAC","440.92500","440.92500","Maryland","440.92500","440.92500","0"
"29","Massachuetts","Massachusetts|MA TAC|Boston Metro|MA Berkshire Co.|MA XRF054 C|MA HCRA|MA NEARC|MA OTIS-1|MA OTIS-2|MA WB1GOF Bridge|BM Parrot-1|BM Disconnect|FDMR Massachuset|FDMR Disc","440.92500|440.92500|440.92500|440.92500|440.92500|440.92500|440.92500|440.92500|440.92500|440.92500|440.92500|440.92500|440.92500|440.92500","440.92500|440.92500|440.92500|440.92500|440.92500|440.92500|440.92500|440.92500|440.92500|440.92500|440.92500|440.92500|440.92500|440.92500","MA TAC","440.92500","440.92500","Massachusetts","440.92500","440.92500","0"
"30","Michigan","Michigan|West Michigan|Michigan UP|Detroit Metro|MI WX ARES EmCom|Mi5 R5 AUXCOMM|Mi5-STATEWIDE-1|Mi5-STATEWIDE-2|Mi5-EVENT-1|Mi5-EVENT-3|Michigan DRG|Michigan RADAR|Michigan WMTG|Howell, MI -1|Howell, MI -2|Albion Michigan|Kalamazoo MI|Gogebic Michigan|Ann Arbor, MI|Lansing Michigan|Charlotte MI|Waterlo Michigan|Munith Michigan|BM Parrot-1|BM Disconnect|FDMR Michigan|FDMR Disc","440.92500|440.92500|440.92500|440.92500|440.92500|440.92500|440.92500|440.92500|440.92500|440.92500|440.92500|440.92500|440.92500|440.92500|440.92500|440.92500|440.92500|440.92500|440.92500|440.92500|440.92500|440.92500|440.92500|440.92500|440.92500|440.92500|440.92500","440.92500|440.92500|440.92500|440.92500|440.92500|440.92500|440.92500|440.92500|440.92500|440.92500|440.92500|440.92500|440.92500|440.92500|440.92500|440.92500|440.92500|440.92500|440.92500|440.92500|440.92500|440.92500|440.92500|440.92500|440.92500|440.92500|440.92500","West Michigan","440.92500","440.92500","Michigan","440.92500","440.92500","0"
"31","Minnesota","Minnesota|Minnesota TAC|Cntrl Minnesota|Minnesota Metro|MN Northstar HUB|Minnesota AARG|Southern MN|Minnesota ARES|Brocklyn Park,MN|Waseca Minnesota|Isanti Minnesota|BM Parrot-1|BM Disconnect|FDMR Minnesota|FDMR Disc","440.92500|440.92500|440.92500|440.92500|440.92500|440.92500|440.92500|440.92500|440.92500|440.92500|440.92500|440.92500|440.92500|440.92500|440.92500","440.92500|440.92500|440.92500|440.92500|440.92500|440.92500|440.92500|440.92500|440.92500|440.92500|440.92500|440.92500|440.92500|440.92500|440.92500","Minnesota TAC","440.92500","440.92500","Minnesota","440.92500","440.92500","0"
"32","Missouri","Missouri|SW Missouri|SW MO SkyWarn|St. Louis Metro|Missouri Branson|Branson Metro|NW Missouri|SE Missouri|Central Missouri|Missouri ARES|MO KC No. ARES|MO CASS Co ARES|Missouri Lakes|Arnold Missouri|Osage Beach MO|Cole Camp MO|Missouri SecKC|Plattsburg MO|Washington MO|BM Parrot-1|BM Disconnect|FDMR Missouri|FDMR KS CityWide|FDMR Disc","440.92500|440.92500|440.92500|440.92500|440.92500|440.92500|440.92500|440.92500|440.92500|440.92500|440.92500|440.92500|440.92500|440.92500|440.92500|440.92500|440.92500|440.92500|440.92500|440.92500|440.92500|440.92500|440.92500|440.92500","440.92500|440.92500|440.92500|440.92500|440.92500|440.92500|440.92500|440.92500|440.92500|440.92500|440.92500|440.92500|440.92500|440.92500|440.92500|440.92500|440.92500|440.92500|440.92500|440.92500|440.92500|440.92500|440.92500|440.92500","SW Missouri","440.92500","440.92500","Missouri","440.92500","440.92500","0"
"33","Montana","Montana|Montana Chat|Montana MPRG-1|Montana MPRG-2|Montana MPRG-3|Montana MPRG-4|Montana BGV|Montana NW7RG|MT Bitterroot Vy|Montana ARES|BM Parrot-1|BM Disconnect|FDMR Montana|FDMR Disc","440.92500|440.92500|440.92500|440.92500|440.92500|440.92500|440.92500|440.92500|440.92500|440.92500|440.92500|440.92500|440.92500|440.92500","440.92500|440.92500|440.92500|440.92500|440.92500|440.92500|440.92500|440.92500|440.92500|440.92500|440.92500|440.92500|440.92500|440.92500","Montana Chat","440.92500","440.92500","Montana","440.92500","440.92500","0"
"34","Nebraska","Nebraska|Nebraska Chat|Nebraska EmComm|Nebraska HUB|BM Parrot-1|BM Disconnect|FDMR Nebraska|FDMR Disc","440.92500|440.92500|440.92500|440.92500|440.92500|440.92500|440.92500|440.92500","440.92500|440.92500|440.92500|440.92500|440.92500|440.92500|440.92500|440.92500","Nebraska Chat","440.92500","440.92500","Nebraska","440.92500","440.92500","0"
"35","Nevada","Nevada|Nevada TAC|Nevada 1|Nevada ARES|Nevada ENARS|Nevada 4|Nevada HXO|Burning Man NV|Las Vegas Metro|Nevada SNARS-1|Nevada SNARS-2|Ely Nevada|Laughlin Nevada|Red Mtn Nevada|Nevada Fallon|Elko Nevada|BM Parrot-1|BM Disconnect|FDMR Nebraska|FDMR Disc","440.92500|440.92500|440.92500|440.92500|440.92500|440.92500|440.92500|440.92500|440.92500|440.92500|440.92500|440.92500|440.92500|440.92500|440.92500|440.92500|440.92500|440.92500|440.92500|440.92500","440.92500|440.92500|440.92500|440.92500|440.92500|440.92500|440.92500|440.92500|440.92500|440.92500|440.92500|440.92500|440.92500|440.92500|440.92500|440.92500|440.92500|440.92500|440.92500|440.92500","Nevada TAC","440.92500","440.92500","Nevada","440.92500","440.92500","0"
"36","New Hampshire","New Hampshire|NH TAC|NH EmComm|NH North|NH South|NH East|NH West|NH Alstead|BM Parrot-1|BM Disconnect|FDMR NH|FDMR Disc","440.92500|440.92500|440.92500|440.92500|440.92500|440.92500|440.92500|440.92500|440.92500|440.92500|440.92500|440.92500","440.92500|440.92500|440.92500|440.92500|440.92500|440.92500|440.92500|440.92500|440.92500|440.92500|440.92500|440.92500","NH TAC","440.92500","440.92500","New Hampshire","440.92500","440.92500","0"
"37","New Jersey","New Jersey|New Jersey TAC|Cntrl New Jersey|South Jersey, NJ|North Jersey, NJ|N2MO OMARC, NJ|Ocean County, NJ|K2DMR STORM NJ-R|Riverdale, NJ|Belleville, NJ|Springfield, NJ|Lk Hopatcong, NJ|Ocean Co, NJ|Hoboken, NJ CERT|Elizabeth Sch,NJ|BM Parrot-1|BM Disconnect|FDMR New Jersey|FDMR NY-NJ-PA|FDMR So. Jersey|FDMR No. Jersey|FDMR Disc","440.92500|440.92500|440.92500|440.92500|440.92500|440.92500|440.92500|440.92500|440.92500|440.92500|440.92500|440.92500|440.92500|440.92500|440.92500|440.92500|440.92500|440.92500|440.92500|440.92500|440.92500|440.92500","440.92500|440.92500|440.92500|440.92500|440.92500|440.92500|440.92500|440.92500|440.92500|440.92500|440.92500|440.92500|440.92500|440.92500|440.92500|440.92500|440.92500|440.92500|440.92500|440.92500|440.92500|440.92500","New Jersey TAC","440.92500","440.92500","New Jersey","440.92500","440.92500","0"
"38","New Mexico","New Mexico|New Mexico TAC|Albuquerque-1|Albuquerque-2|ALBQ-MMDVM|La Mosca Pk, NM|Capilla Peak, NM|BM Parrot-1|BM Disconnect|FDMR New Mexico|FDMR Disc","440.92500|440.92500|440.92500|440.92500|440.92500|440.92500|440.92500|440.92500|440.92500|440.92500|440.92500","440.92500|440.92500|440.92500|440.92500|440.92500|440.92500|440.92500|440.92500|440.92500|440.92500|440.92500","New Mexico TAC","440.92500","440.92500","New Mexico","440.92500","440.92500","0"
"39","New York","New York|New York TAC|New York Upstate|New York -Metro|New York ADK|LWR Hudson Vy,NY|K2MAK New York|Chemung Co,NY WX|Madiso, NY ARES|Metro, NY ARES|Southern Tier,NY|Mid-Hudson Vy,NY|Monroe County,NY|Long Island, NY|Valhalla, NY|Genesee Vly, NY|New York WNYFL|Rochester, NY|Bronx New York|Brooklyn, NY|New York City|Boston New York|Buffalo New York|Albany New York|North Carolina|BM Parrot-1|BM Disconnect|FDMR New York|FDMR WNY-DIGITAL|FDMR NY-NJ-PA|FDMR Upstate-NY|FDMR NY-Metro|FDMR So.Tier NY|FDMR MonroeCo,NY|FDMR Disc","440.92500|440.92500|440.92500|440.92500|440.92500|440.92500|440.92500|440.92500|440.92500|440.92500|440.92500|440.92500|440.92500|440.92500|440.92500|440.92500|440.92500|440.92500|440.92500|440.92500|440.92500|440.92500|440.92500|440.92500|440.92500|440.92500|440.92500|440.92500|440.92500|440.92500|440.92500|440.92500|440.92500|440.92500|440.92500","440.92500|440.92500|440.92500|440.92500|440.92500|440.92500|440.92500|440.92500|440.92500|440.92500|440.92500|440.92500|440.92500|440.92500|440.92500|440.92500|440.92500|440.92500|440.92500|440.92500|440.92500|440.92500|440.92500|440.92500|440.92500|440.92500|440.92500|440.92500|440.92500|440.92500|440.92500|440.92500|440.92500|440.92500|440.92500","New York TAC","440.92500","440.92500","New York","440.92500","440.92500","0"
"40","North Carolina","North Carolina|NC TAC|Triangle, NC|Central, NC|Eastern, NC|Carolina Link|The Hornet's, NC|NC WNC Tac Comm|Outer Banks-1,NC|Outer Banks-2,NC|NC WX|Catawba Vly, NC|Hillsborough, NC|Greensboro, NC|Greenville, NC|Randleman, NC|Sauratown, NC|RCC-Link, NC|Asheville, NC|NC NC4ES Cluster|BM Parrot-1|BM Disconnect|FDMR NC TAC|FDMR East NC|FDMR OBX|FDMR Disc","440.92500|440.92500|440.92500|440.92500|440.92500|440.92500|440.92500|440.92500|440.92500|440.92500|440.92500|440.92500|440.92500|440.92500|440.92500|440.92500|440.92500|440.92500|440.92500|440.92500|440.92500|440.92500|440.92500|440.92500|440.92500|440.92500","440.92500|440.92500|440.92500|440.92500|440.92500|440.92500|440.92500|440.92500|440.92500|440.92500|440.92500|440.92500|440.92500|440.92500|440.92500|440.92500|440.92500|440.92500|440.92500|440.92500|440.92500|440.92500|440.92500|440.92500|440.92500|440.92500","NC TAC","440.92500","440.92500","North Carolina","440.92500","440.92500","0"
"41","North Dakota","North Dakota|North Dakota TAC|Fargo, ND|BM Parrot-1|BM Disconnect|BM Parrot-2|FDMR ND|FDMR Disc","440.92500|440.92500|440.92500|440.92500|440.92500|440.92500|440.92500|440.92500","440.92500|440.92500|440.92500|440.92500|440.92500|440.92500|440.92500|440.92500","North Dakota TAC","440.92500","440.92500","North Dakota","440.92500","440.92500","0"
"42","Ohio","Ohio|Ohio TAC|Northeast Ohio|Southeast Ohio|Southwest Ohio|Southern Ohio|Central Ohio WX|Ohio ARES|Ohio EMCOMM|Ohio SkyWarn|W8SDR DMR Ohio|Ohio Link-YSF|Bellbrook Ohio|Greenville Ohio|Doylestown Ohio|Wooster Ohio|Stockport Ohio|Findlay Ohio|Clermont Co Ohio|Mansfield Ohio|Montville Ohio|Atwater Ohio|Warrensville, OH|Marietta Ohio|Akron Ohio|Marion Ohio|Marysville Ohio|Meigs Co Ohio|Massillon Ohio|Youngstown Ohio|Oklahoma|BM Parrot-1|BM Disconnect|FDMR Ohio|FDMR Disc","440.92500|440.92500|440.92500|440.92500|440.92500|440.92500|440.92500|440.92500|440.92500|440.92500|440.92500|440.92500|440.92500|440.92500|440.92500|440.92500|440.92500|440.92500|440.92500|440.92500|440.92500|440.92500|440.92500|440.92500|440.92500|440.92500|440.92500|440.92500|440.92500|440.92500|440.92500|440.92500|440.92500|440.92500|440.92500","440.92500|440.92500|440.92500|440.92500|440.92500|440.92500|440.92500|440.92500|440.92500|440.92500|440.92500|440.92500|440.92500|440.92500|440.92500|440.92500|440.92500|440.92500|440.92500|440.92500|440.92500|440.92500|440.92500|440.92500|440.92500|440.92500|440.92500|440.92500|440.92500|440.92500|440.92500|440.92500|440.92500|440.92500|440.92500","Ohio TAC","440.92500","440.92500","Ohio","440.92500","440.92500","0"
"43","Oklahoma","Oklahoma|Oklahoma TAC|Oklahoma Central|Oklahoma East|Oklahoma WX Chat|SE OK EM TAC|Oklahoma WX|Oklahoma Lawton|Fort Gibson, OK|Bartlesville, OK|Oklahoma SCARS|Oklahoma YSF|BM Parrot-1|BM Disconnect|FDMR Oklahoma|FDMR Disc","440.92500|440.92500|440.92500|440.92500|440.92500|440.92500|440.92500|440.92500|440.92500|440.92500|440.92500|440.92500|440.92500|440.92500|440.92500|440.92500","440.92500|440.92500|440.92500|440.92500|440.92500|440.92500|440.92500|440.92500|440.92500|440.92500|440.92500|440.92500|440.92500|440.92500|440.92500|440.92500","Oklahoma TAC","440.92500","440.92500","Oklahoma","440.92500","440.92500","0"
"44","Oregon","Oregon|Oregon TAC|Central Oregon|Western Oregon|RepeaterBook, OR|Stanfield Oregon|EastCoast REF,OR|BM Parrot-1|BM Disconnect|FDMR Oregon|FDMR Disc","440.92500|440.92500|440.92500|440.92500|440.92500|440.92500|440.92500|440.92500|440.92500|440.92500|440.92500","440.92500|440.92500|440.92500|440.92500|440.92500|440.92500|440.92500|440.92500|440.92500|440.92500|440.92500","Oregon TAC","440.92500","440.92500","Oregon","440.92500","440.92500","0"
"45","Pennsylvania","Pennsylvania|Pennsylvania TAC|PEMA EmCom RACES|Western, PA|North Central,PA|Northeast, PA|PA Cross-Mode|PA EPA DMR|PA Tri-County|PA RF-IT|PA Zednet|PA PADMR Group|PA KC2ABV RPTR|PA PennLink Grp|Jennersville, PA|Fort Venango, PA|PA SCPA Chat|Macungie, PA|Poconos HUB, PA|Indiana, PA|Williamsport,PA1|Williamsport,PA2|Greenville, PA|Tamaqua, PA|Johnstown, PA|Bedford, PA|Cornwall, PA|Westfield, PA|BM Parrot-1|BM Disconnect|FDMR PA|FDMR NY-NJ-PA|FDMR Disc","440.92500|440.92500|440.92500|440.92500|440.92500|440.92500|440.92500|440.92500|440.92500|440.92500|440.92500|440.92500|440.92500|440.92500|440.92500|440.92500|440.92500|440.92500|440.92500|440.92500|440.92500|440.92500|440.92500|440.92500|440.92500|440.92500|440.92500|440.92500|440.92500|440.92500|440.92500|440.92500|440.92500","440.92500|440.92500|440.92500|440.92500|440.92500|440.92500|440.92500|440.92500|440.92500|440.92500|440.92500|440.92500|440.92500|440.92500|440.92500|440.92500|440.92500|440.92500|440.92500|440.92500|440.92500|440.92500|440.92500|440.92500|440.92500|440.92500|440.92500|440.92500|440.92500|440.92500|440.92500|440.92500|440.92500","Pennsylvania TAC","440.92500","440.92500","Pennsylvania","440.92500","440.92500","0"
"46","Rhode Island","Rhode Island|RI Chat|RI Digital Link|Quahog Rpt, RI|MMDVM Bridge, RI|BM Parrot-1|BM Disconnect|FDMR Rhode Is|FDMR Disc","440.92500|440.92500|440.92500|440.92500|440.92500|440.92500|440.92500|440.92500|440.92500","440.92500|440.92500|440.92500|440.92500|440.92500|440.92500|440.92500|440.92500|440.92500","RI Chat","440.92500","440.92500","Rhode Island","440.92500","440.92500","0"
"47","South Carolina","South Carolina|SC TAC|SC ARES|Low Country, SC|Upstate, SC|Midlands, SC|Pee Dee, SC|Bluffton, SC|KK4FU Chat, SC|BM Parrot-1|BM Disconnect|FDMR SC|FDMR Disc","440.92500|440.92500|440.92500|440.92500|440.92500|440.92500|440.92500|440.92500|440.92500|440.92500|440.92500|440.92500|440.92500","440.92500|440.92500|440.92500|440.92500|440.92500|440.92500|440.92500|440.92500|440.92500|440.92500|440.92500|440.92500|440.92500","SC TAC","440.92500","440.92500","South Carolina","440.92500","440.92500","0"
"48","South Dakota","South Dakota|SD ARES|SD WW Highways|SD Digital HUB|BM Parrot-1|BM Disconnect|FDMR SD|FDMR Disc","440.92500|440.92500|440.92500|440.92500|440.92500|440.92500|440.92500|440.92500","440.92500|440.92500|440.92500|440.92500|440.92500|440.92500|440.92500|440.92500","SD ARES","440.92500","440.92500","South Dakota","440.92500","440.92500","0"
"49","Tennessee","Tennessee|Tennessee TAC|Memphis Metro|Knoxville Metro|Mid-South Chat|TN NWS Memphis|TN Skywarn|TN Fusion-Link|Tennessee ARES|Gatlinburg, TN|Tennessee TEMA|TN The Light|Jackson, TN|Blaine Tennessee|Unicoi Tennessee|Bartlett, TN|Knoxville, TN|Greeneville, TN|Gallatin, TN|FDMR Disc|FDMR Tennessee|BM Disconnect|BM Parrot-1|Cleveland, TN|Maryville, TN|Southeast Link","440.92500|440.92500|440.92500|440.92500|440.92500|440.92500|440.92500|440.92500|440.92500|440.92500|440.92500|440.92500|440.92500|440.92500|440.92500|440.92500|440.92500|440.92500|440.92500|440.92500|440.92500|440.92500|440.92500|440.92500|440.92500|440.92500","440.92500|440.92500|440.92500|440.92500|440.92500|440.92500|440.92500|440.92500|440.92500|440.92500|440.92500|440.92500|440.92500|440.92500|440.92500|440.92500|440.92500|440.92500|440.92500|440.92500|440.92500|440.92500|440.92500|440.92500|440.92500|440.92500","Tennessee TAC","440.92500","440.92500","Tennessee","440.92500","440.92500","0"
"50","Texas","Texas|Texas TAC|Texas Chat|North Texas|South Texas|West Texas|Central Texas|Southeast Texas|Texas ARES|Amarillo Wires-X|Texas SkyWarn|Texas ARES EmCom|San Antonio,TX|SanAntonio Metro|Flower Mound,TX|Lubbock Texas-1|Lubbock Texas-2|Liberty Hill,TX|TX So.Coast REF|Georgetown,TX-1|Georgetown,TX-2|Asherton,TX|Eagle Pass,TX|Troy Texas|Crockett Texas|Dripping SprgsTX|Brownsville,TX|Willis, TX MMDVM|Texas A & M ARC|BM Parrot-1|BM Disconnect|FDMR Texas|FDMR Disc","440.92500|440.92500|440.92500|440.92500|440.92500|440.92500|440.92500|440.92500|440.92500|440.92500|440.92500|440.92500|440.92500|440.92500|440.92500|440.92500|440.92500|440.92500|440.92500|440.92500|440.92500|440.92500|440.92500|440.92500|440.92500|440.92500|440.92500|440.92500|440.92500|440.92500|440.92500|440.92500|440.92500","440.92500|440.92500|440.92500|440.92500|440.92500|440.92500|440.92500|440.92500|440.92500|440.92500|440.92500|440.92500|440.92500|440.92500|440.92500|440.92500|440.92500|440.92500|440.92500|440.92500|440.92500|440.92500|440.92500|440.92500|440.92500|440.92500|440.92500|440.92500|440.92500|440.92500|440.92500|440.92500|440.92500","Texas TAC","440.92500","440.92500","Texas","440.92500","440.92500","0"
"51","Utah","Utah|Utah TAC|Utah Chat|Utah 76ers|Northern Utah|Davis Utah|Northeast Utah|Utah UORRT|Utah Ragchew-1|Utah Ragchew-2|BM Parrot-1|BM Disconnect|FDMR Utah|FDMR Disc","440.92500|440.92500|440.92500|440.92500|440.92500|440.92500|440.92500|440.92500|440.92500|440.92500|440.92500|440.92500|440.92500|440.92500","440.92500|440.92500|440.92500|440.92500|440.92500|440.92500|440.92500|440.92500|440.92500|440.92500|440.92500|440.92500|440.92500|440.92500","Utah TAC","440.92500","440.92500","Utah","440.92500","440.92500","0"
"52","Vermont","Vermont|Vermont TAC|Arlington, VT|Florence, VT|BM Parrot-1|BM Disconnect|FDMR Vermont|FDMR Disc","440.92500|440.92500|440.92500|440.92500|440.92500|440.92500|440.92500|440.92500","440.92500|440.92500|440.92500|440.92500|440.92500|440.92500|440.92500|440.92500","Vermont TAC","440.92500","440.92500","Vermont","440.92500","440.92500","0"
"53","Virginia","Virginia|Virginia TAC|SW Virginia|Richmond Metro|VA ARES EmComm|Shenandoah Vy,VA|Tidewater, VA|VA Peninsula|Pungoteague, VA|Fancy Gap, VA|Vienna Virginia|Mtn Lake, VA|Roanoke, VA|Vienna, VA|Haymarket, VA|BM Parrot-1|BM Disconnect|FDMR Virginia|FDMR Piedmont Tr|FDMR Disc","440.92500|440.92500|440.92500|440.92500|440.92500|440.92500|440.92500|440.92500|440.92500|440.92500|440.92500|440.92500|440.92500|440.92500|440.92500|440.92500|440.92500|440.92500|440.92500|440.92500","440.92500|440.92500|440.92500|440.92500|440.92500|440.92500|440.92500|440.92500|440.92500|440.92500|440.92500|440.92500|440.92500|440.92500|440.92500|440.92500|440.92500|440.92500|440.92500|440.92500","Virginia TAC","440.92500","440.92500","Virginia","440.92500","440.92500","0"
"54","Washington","Washington|WA PNW-West|WA Olympic Penin|WA QRM Network|Seattle, WA|Spokane, WA|Silverdale, WA|Washington ARES|WA ARES TAC|BM Parrot-1|BM Disconnect|FDMR Washington|FDMR WA-PNW|FDMR Disc|DMR+ QN Main","440.92500|440.92500|440.92500|440.92500|440.92500|440.92500|440.92500|440.92500|440.92500|440.92500|440.92500|440.92500|440.92500|440.92500|440.92500","440.92500|440.92500|440.92500|440.92500|440.92500|440.92500|440.92500|440.92500|440.92500|440.92500|440.92500|440.92500|440.92500|440.92500|440.92500","WA PNW-West","440.92500","440.92500","Washington","440.92500","440.92500","0"
"55","West Virginia","West Virginia|WV TAC|WV ARES|BM Parrot-1|BM Disconnect|FDMR WV|FDMR Disc","440.92500|440.92500|440.92500|440.92500|440.92500|440.92500|440.92500","440.92500|440.92500|440.92500|440.92500|440.92500|440.92500|440.92500","WV TAC","440.92500","440.92500","West Virginia","440.92500","440.92500","0"
"56","Wisconsin","Wisconsin|Wisconsin TAC|Wisconsin YSF|Wisconsin DMR|WI ARES EmComm|Chilton, WI|Townsend, WI|Brothertown, WI|Appleton, WI|Merrill, WI|BM Parrot-1|BM Disconnect|FDMR Wisconsin|FDMR Disc","440.92500|440.92500|440.92500|440.92500|440.92500|440.92500|440.92500|440.92500|440.92500|440.92500|440.92500|440.92500|440.92500|440.92500","440.92500|440.92500|440.92500|440.92500|440.92500|440.92500|440.92500|440.92500|440.92500|440.92500|440.92500|440.92500|440.92500|440.92500","Wisconsin TAC","440.92500","440.92500","Wisconsin","440.92500","440.92500","0"
"57","Wyoming","Wyoming|Wyoming Tac|SE Wyoming Chat|Wyoming WX|SW Wyoming|NW Wyoming|NE Wyoming|Central Wyoming|BM Parrot-1|BM Disconnect|FDMR Wyoming|FDMR Disc","440.92500|440.92500|440.92500|440.92500|440.92500|440.92500|440.92500|440.92500|440.92500|440.92500|440.92500|440.92500","440.92500|440.92500|440.92500|440.92500|440.92500|440.92500|440.92500|440.92500|440.92500|440.92500|440.92500|440.92500","Wyoming Tac","440.92500","440.92500","Wyoming","440.92500","440.92500","0"
"58","USA","USA-TAC 310|USA-TAC 311|USA-TAC 312|USA-TAC 313|USA-TAC 314|USA-TAC 315|USA-TAC 316|USA-TAC 317|USA-TAC 318|USA-TAC 319|USA - Area 0|USA - Area 1|USA - Area 2|USA - Area 3|USA - Area 4|USA - Area 5|USA - Area 6|USA - Area 7|USA - Area 8|USA - Area 9|Net Talkgroup 1|Net Talkgroup 2|USA Nationwide|Midwest|Northeast|Mid-Atlantic|Southeast|Southern Plains|Southwest|BM Parrot-1|BM Disconnect|TGIF Main|TGIF America|TGIF NY.NJ.PA|TGIF Tac-101|TGIF Tac-102|TGIF Tac 103|TGIF No. America|TGIF Parrot|TGIF Exit|FDMR Nationwide|FDMR NA TAC 1|FDMR NA TAC 2|FDMR NA TAC 3|FDMR Southeast|FDMR ECHO EAST|FDMR AmericaLink|FDMR NA Talk Box|FDMR TGIF-Main|FDMR USA-310|FDMR Disc","440.92500|440.92500|440.92500|440.92500|440.92500|440.92500|440.92500|440.92500|440.92500|440.92500|440.92500|440.92500|440.92500|440.92500|440.92500|440.92500|440.92500|440.92500|440.92500|440.92500|440.92500|440.92500|440.92500|440.92500|440.92500|440.92500|440.92500|440.92500|440.92500|440.92500|440.92500|440.92500|440.92500|440.92500|440.92500|440.92500|440.92500|440.92500|440.92500|440.92500|440.92500|440.92500|440.92500|440.92500|440.92500|440.92500|440.92500|440.92500|440.92500|440.92500|440.92500","440.92500|440.92500|440.92500|440.92500|440.92500|440.92500|440.92500|440.92500|440.92500|440.92500|440.92500|440.92500|440.92500|440.92500|440.92500|440.92500|440.92500|440.92500|440.92500|440.92500|440.92500|440.92500|440.92500|440.92500|440.92500|440.92500|440.92500|440.92500|440.92500|440.92500|440.92500|440.92500|440.92500|440.92500|440.92500|440.92500|440.92500|440.92500|440.92500|440.92500|440.92500|440.92500|440.92500|440.92500|440.92500|440.92500|440.92500|440.92500|440.92500|440.92500|440.92500","USA-TAC 311","440.92500","440.92500","USA-TAC 310","440.92500","440.92500","0"
"59","Special Interest","Cactus|POTA|DV Switch|Allstar|ATV|Ham Radio CC|PS Chat|STEM|Billy Bob Klub|RVing Hams|4SQRP|Truck-N-Travel|Venture Overland|OutdoorAdventure|OMIK|DMR Campfire|DMR of Anarchy|Old Friends|Sta-Mar|Global DX System|Youth ARC|PI-Star Chat|Maritime Radio-1|Maritime Radio-2|REF020A Bridge|The Geek Group|NE HUB|Russian American|Greek Americans|RFinder Users Gr|Geeks in Jeeps|Weather Watching|Liberty Talk Grp|Gathering Spot|The Chat Lounge|Secret TalkGroup|Coffee DMR|900 Mhz Rptrs|Rizal Latitude|Handi-Hams|Ham Radio Vilage|ICQ Podcast|WW Maritime|WW Aviation|XRF007 B|EmCom EU|EURAO|ATV Talk|OpenGD77|AMSAT|Reddit|Military Vets|Wireless Village|BM Parrot-1|BM Disconnect","440.92500|440.92500|440.92500|440.92500|440.92500|440.92500|440.92500|440.92500|440.92500|440.92500|440.92500|440.92500|440.92500|440.92500|440.92500|440.92500|440.92500|440.92500|440.92500|440.92500|440.92500|440.92500|440.92500|440.92500|440.92500|440.92500|440.92500|440.92500|440.92500|440.92500|440.92500|440.92500|440.92500|440.92500|440.92500|440.92500|440.92500|440.92500|440.92500|440.92500|440.92500|440.92500|440.92500|440.92500|440.92500|440.92500|440.92500|440.92500|440.92500|440.92500|440.92500|440.92500|440.92500|440.92500|440.92500","440.92500|440.92500|440.92500|440.92500|440.92500|440.92500|440.92500|440.92500|440.92500|440.92500|440.92500|440.92500|440.92500|440.92500|440.92500|440.92500|440.92500|440.92500|440.92500|440.92500|440.92500|440.92500|440.92500|440.92500|440.92500|440.92500|440.92500|440.92500|440.92500|440.92500|440.92500|440.92500|440.92500|440.92500|440.92500|440.92500|440.92500|440.92500|440.92500|440.92500|440.92500|440.92500|440.92500|440.92500|440.92500|440.92500|440.92500|440.92500|440.92500|440.92500|440.92500|440.92500|440.92500|440.92500|440.92500","POTA","440.92500","440.92500","Cactus","440.92500","440.92500","0"
"60","World Wide","World-wide|Europe|North America|Asia, MiddleEast|Australia, NZ|Radio Test|WW Tac-1|WW Tac-2|WW Tac-3|SOTA|JOTA|English|European English|BM Parrot-1|BM Disconnect|TGIF Europe|TGIF AsiaPacific|TGIF WW English|TGIF World Wide|TGIF UK|TGIF Parrot|TGIF Exit|FDMR Worldwide|FDMR Disc","440.92500|440.92500|440.92500|440.92500|440.92500|440.92500|440.92500|440.92500|440.92500|440.92500|440.92500|440.92500|440.92500|440.92500|440.92500|440.92500|440.92500|440.92500|440.92500|440.92500|440.92500|440.92500|440.92500|440.92500","440.92500|440.92500|440.92500|440.92500|440.92500|440.92500|440.92500|440.92500|440.92500|440.92500|440.92500|440.92500|440.92500|440.92500|440.92500|440.92500|440.92500|440.92500|440.92500|440.92500|440.92500|440.92500|440.92500|440.92500","Europe","440.92500","440.92500","World-wide","440.92500","440.92500","0"
"61","Server Tools","BM Parrot-1|BM Parrot-2|BM Parrot-3|BM Disconnect|TGIF Parrot|TGIF Exit|FDMR Disc|DMR+ Echo|DMR+ TG Disc|REF Disconnect|HS Shutdown|HS Reboot|HS Reconnect|HS SVC Restart|HS SVC Kill|HS Hostfiles","440.92500|440.92500|440.92500|440.92500|440.92500|440.92500|440.92500|440.92500|440.92500|440.92500|440.92500|440.92500|440.92500|440.92500|440.92500|440.92500","440.92500|440.92500|440.92500|440.92500|440.92500|440.92500|440.92500|440.92500|440.92500|440.92500|440.92500|440.92500|440.92500|440.92500|440.92500|440.92500","HS Shutdown","440.92500","440.92500","BM Parrot-1","440.92500","440.92500","0"
"62","MURS","MURS-1|MURS-2|MURS-3|MURS-4 Wal*Mart|MURS-5","151.82000|151.88000|151.94000|154.57000|154.60000","151.82000|151.88000|151.94000|154.57000|154.60000","MURS-2","151.88000","151.88000","MURS-1","151.82000","151.82000","0"
"63","GMRS FRS","FRS-01|FRS-02|FRS-03|FRS-04|FRS-05|FRS-06|FRS-07|FRS-08|FRS-09|FRS-10|FRS-11|FRS-12|FRS-13|FRS-14|FRS-15|FRS-16|FRS-17|FRS-18|FRS-19|FRS-20|FRS-21|FRS-22","462.56250|462.58750|462.61250|462.63750|462.66250|462.68750|462.71250|467.56250|467.58750|467.61250|467.63750|467.66250|467.68750|467.71250|462.55000|462.57500|462.60000|462.62500|462.65000|462.67500|462.70000|462.72500","462.56250|462.58750|462.61250|462.63750|462.66250|462.68750|462.71250|467.56250|467.58750|467.61250|467.63750|467.66250|467.68750|467.71250|467.55000|467.57500|467.60000|467.62500|467.65000|467.67500|467.70000|467.72500","FRS-02","462.58750","462.58750","FRS-01","462.56250","462.56250","0"
"64","Weather","NOAA WX-1|NOAA WX-2|NOAA WX-3|NOAA WX-4|NOAA WX-5|NOAA WX-6|NOAA WX-7","162.55000|162.40000|162.47500|162.42500|162.45000|162.50000|162.52500","145.00000|145.00000|145.00000|145.00000|145.00000|145.00000|145.00000","NOAA WX-4","162.42500","145.00000","NOAA WX-1","162.55000","145.00000","0"
"65","Stone","Wiggins N5UDK|Perkinston K5GVR|Mississippi|Mississippi TAC|Lucedale|BM Parrot-1|BM Disconnect|FDMR Mississippi|FDMR Disc","145.27000|147.16500|440.92500|440.92500|440.92500|440.92500|440.92500|440.92500|440.92500","144.67000|147.76500|440.92500|440.92500|440.92500|440.92500|440.92500|440.92500|440.92500","Perkinston K5GVR","147.16500","147.76500","Wiggins N5UDK","145.27000","144.67000","0"
"66","Petal Rpt","Lucedale PR|MS SW PR|MARC NA PR|MARC WW PR|BM NA PR|TAC-310 PR|TAC-311 PR|TAC-312 PR|USA Call BM PR|AL SW PR|FL SW PR|LA SW PR|TX SW PR|MARC SE Reg PR|Parrot PR|BM SE Reg PR|AL Link PR|SE LA PR|Kingsland GA PR|Laurel MS PR|Local 9 PR|US Hurricane PR|NE MS PR|MS TAC PR|McHenry PR|Biloxi PR|Disconnect TS2|Disconnect TS1","444.93750|444.93750|444.93750|444.93750|444.93750|444.93750|444.93750|444.93750|444.93750|444.93750|444.93750|444.93750|444.93750|444.93750|444.93750|444.93750|444.93750|444.93750|444.93750|444.93750|444.93750|444.93750|444.93750|444.93750|444.93750|444.93750|444.93750|444.93750","449.93750|449.93750|449.93750|449.93750|449.93750|449.93750|449.93750|449.93750|449.93750|449.93750|449.93750|449.93750|449.93750|449.93750|449.93750|449.93750|449.93750|449.93750|449.93750|449.93750|449.93750|449.93750|449.93750|449.93750|449.93750|449.93750|449.93750|449.93750","MS SW PR","444.93750","449.93750","Lucedale PR","444.93750","449.93750","0"
